{"center_lat": -33.81441124123975, "center_lon": 151.1626963133264}